{
    "dag_file": "",

    "scheduler_type": "fifo",
    "scheduler_params": [
        "fifo_prioritize_by_core_id=yes",
        "fifo_prioritize_by_exec_order=yes"
    ],

    "mapper_type": "bare-metal",
    "mapper_mem_policy_type": "default",
    "mapper_mem_bind_numa_node_ids": [],

    "core_avail_mask": "0xF00000F",
    "flops_per_cycle": 32,
    "clock_frequency_type": "static",
    "clock_frequency_hz": 1000000000,

    "distance_matrices": {
        "latency_ns": "./system/non_uniform_lat.txt",
        "bandwidth_gbps": "./system/non_uniform_bw.txt"
    },

    "out_file_name": ""
}